{
  "project_info": {
    "project_number": "551671948950",
    "firebase_url": "https://kucc-8eeca.firebaseio.com",
    "project_id": "kucc-8eeca",
    "storage_bucket": "kucc-8eeca.appspot.com"
  },
  "client": [
    {
      "client_info": {
        "mobilesdk_app_id": "1:551671948950:android:d02f42639979516da684b7",
        "android_client_info": {
          "package_name": "com.abudawod.kucc"
        }
      },
      "oauth_client": [
        {
          "client_id": "551671948950-aproq0mjpqbc9h1rqvpt98fd9a2ftpr3.apps.googleusercontent.com",
          "client_type": 1,
          "android_info": {
            "package_name": "com.abudawod.kucc",
            "certificate_hash": "370a74f84f08d87b98569b8c4aff905b3cdc43c5"
          }
        },
        {
          "client_id": "551671948950-m62j8pseged7f9f8fjao5b6av0sbut6u.apps.googleusercontent.com",
          "client_type": 3
        }
      ],
      "api_key": [
        {
          "current_key": "AIzaSyA6UVeB1Yl9w0mc_pN0AzGhynTgqVSM7z8"
        }
      ],
      "services": {
        "appinvite_service": {
          "other_platform_oauth_client": [
            {
              "client_id": "551671948950-m62j8pseged7f9f8fjao5b6av0sbut6u.apps.googleusercontent.com",
              "client_type": 3
            }
          ]
        }
      }
    }
  ],
  "configuration_version": "1"
}